trade_id,time,type,entry_price,exit_price,sl,tp,lot,pnl,reason
1,2025-08-01 04:04:00,ENTRY,3292.484,,3298.484,3286.484,0.5,,ENTRY_SIGNAL
1,2025-08-01 05:52:00,EXIT,3292.484,3298.484,3298.484,3286.484,0.5,-30.0,SL_HIT
2,2025-08-01 06:50:00,ENTRY,3291.92,,3285.92,3297.92,0.5,,ENTRY_SIGNAL
2,2025-08-01 07:40:00,EXIT,3291.92,3285.92,3285.92,3297.92,0.5,-30.0,SL_HIT
3,2025-08-01 07:53:00,ENTRY,3286.122,,3292.122,3280.122,0.5,,ENTRY_SIGNAL
3,2025-08-01 08:51:00,EXIT,3286.122,3292.122,3292.122,3280.122,0.5,-30.0,SL_HIT
4,2025-08-01 13:09:00,ENTRY,3345.924,,3339.924,3351.924,0.5,,ENTRY_SIGNAL
4,2025-08-01 13:16:00,EXIT,3345.924,3351.924,3339.924,3351.924,0.5,30.0,TP_HIT
5,2025-08-01 14:02:00,ENTRY,3346.088,,3352.088,3340.088,0.5,,ENTRY_SIGNAL
5,2025-08-01 14:17:00,EXIT,3346.088,3352.088,3352.088,3340.088,0.5,-30.0,SL_HIT
6,2025-08-01 14:51:00,ENTRY,3341.837,,3347.837,3335.837,0.5,,ENTRY_SIGNAL
6,2025-08-01 15:08:00,EXIT,3341.837,3347.837,3347.837,3335.837,0.5,-30.0,SL_HIT
7,2025-08-01 15:08:00,ENTRY,3347.587,,3341.587,3353.587,0.5,,ENTRY_SIGNAL
7,2025-08-01 16:21:00,EXIT,3347.587,3341.587,3341.587,3353.587,0.5,-30.0,SL_HIT
8,2025-08-01 16:52:00,ENTRY,3343.336,,3337.336,3349.336,0.5,,ENTRY_SIGNAL
8,2025-08-01 17:06:00,EXIT,3343.336,3349.336,3337.336,3349.336,0.5,30.0,TP_HIT
9,2025-08-04 04:53:00,ENTRY,3360.063,,3366.063,3354.063,0.5,,ENTRY_SIGNAL
10,2025-08-04 06:02:00,ENTRY,3355.739,,3361.739,3349.739,0.5,,ENTRY_SIGNAL
9,2025-08-04 06:28:00,EXIT,3360.063,3354.063,3366.063,3354.063,0.5,30.0,TP_HIT
10,2025-08-04 06:52:00,EXIT,3355.739,3361.739,3361.739,3349.739,0.5,-30.0,SL_HIT
11,2025-08-04 09:56:00,ENTRY,3358.376,,3364.376,3352.376,0.5,,ENTRY_SIGNAL
12,2025-08-04 11:01:00,ENTRY,3358.541,,3352.541,3364.541,0.5,,ENTRY_SIGNAL
11,2025-08-04 11:13:00,EXIT,3358.376,3364.376,3364.376,3352.376,0.5,-30.0,SL_HIT
12,2025-08-04 11:14:00,EXIT,3358.541,3364.541,3352.541,3364.541,0.5,30.0,TP_HIT
13,2025-08-04 15:08:00,ENTRY,3371.884,,3377.884,3365.884,0.5,,ENTRY_SIGNAL
14,2025-08-04 16:00:00,ENTRY,3375.715,,3369.715,3381.715,0.5,,ENTRY_SIGNAL
13,2025-08-04 16:13:00,EXIT,3371.884,3377.884,3377.884,3365.884,0.5,-30.0,SL_HIT
15,2025-08-04 19:03:00,ENTRY,3376.568,,3370.568,3382.568,0.5,,ENTRY_SIGNAL
14,2025-08-05 01:08:00,EXIT,3375.715,3381.715,3369.715,3381.715,0.5,30.0,TP_HIT
15,2025-08-05 05:02:00,EXIT,3376.568,3370.568,3370.568,3382.568,0.5,-30.0,SL_HIT
16,2025-08-05 08:07:00,ENTRY,3371.305,,3377.305,3365.305,0.5,,ENTRY_SIGNAL
16,2025-08-05 09:00:00,EXIT,3371.305,3365.305,3377.305,3365.305,0.5,30.0,TP_HIT
17,2025-08-05 14:00:00,ENTRY,3378.186,,3372.186,3384.186,0.5,,ENTRY_SIGNAL
17,2025-08-05 14:10:00,EXIT,3378.186,3372.186,3372.186,3384.186,0.5,-30.0,SL_HIT
18,2025-08-05 19:59:00,ENTRY,3379.003,,3385.003,3373.003,0.5,,ENTRY_SIGNAL
19,2025-08-05 23:04:00,ENTRY,3380.005,,3386.005,3374.005,0.5,,ENTRY_SIGNAL
18,2025-08-06 00:28:00,EXIT,3379.003,3385.003,3385.003,3373.003,0.5,-30.0,SL_HIT
19,2025-08-06 01:56:00,EXIT,3380.005,3374.005,3386.005,3374.005,0.5,30.0,TP_HIT
20,2025-08-06 13:51:00,ENTRY,3371.159,,3365.159,3377.159,0.5,,ENTRY_SIGNAL
20,2025-08-06 14:30:00,EXIT,3371.159,3377.159,3365.159,3377.159,0.5,30.0,TP_HIT
21,2025-08-06 16:10:00,ENTRY,3378.057,,3384.057,3372.057,0.5,,ENTRY_SIGNAL
21,2025-08-06 17:23:00,EXIT,3378.057,3372.057,3384.057,3372.057,0.5,30.0,TP_HIT
22,2025-08-06 22:57:00,ENTRY,3372.24,,3366.24,3378.24,0.5,,ENTRY_SIGNAL
22,2025-08-07 00:02:00,EXIT,3372.24,3366.24,3366.24,3378.24,0.5,-30.0,SL_HIT
23,2025-08-07 02:04:00,ENTRY,3380.981,,3386.981,3374.981,0.5,,ENTRY_SIGNAL
23,2025-08-07 05:34:00,EXIT,3380.981,3374.981,3386.981,3374.981,0.5,30.0,TP_HIT
24,2025-08-07 08:02:00,ENTRY,3392.54,,3398.54,3386.54,0.5,,ENTRY_SIGNAL
24,2025-08-07 08:06:00,EXIT,3392.54,3386.54,3398.54,3386.54,0.5,30.0,TP_HIT
25,2025-08-07 15:02:00,ENTRY,3388.367,,3382.367,3394.367,0.5,,ENTRY_SIGNAL
25,2025-08-07 19:31:00,EXIT,3388.367,3394.367,3382.367,3394.367,0.5,30.0,TP_HIT
26,2025-08-07 23:03:00,ENTRY,3401.59,,3407.59,3395.59,0.5,,ENTRY_SIGNAL
27,2025-08-08 00:00:00,ENTRY,3401.675,,3395.675,3407.675,0.5,,ENTRY_SIGNAL
26,2025-08-08 00:18:00,EXIT,3401.59,3395.59,3407.59,3395.59,0.5,30.0,TP_HIT
27,2025-08-08 00:18:00,EXIT,3401.675,3395.675,3395.675,3407.675,0.5,-30.0,SL_HIT
28,2025-08-08 04:57:00,ENTRY,3395.424,,3401.424,3389.424,0.5,,ENTRY_SIGNAL
29,2025-08-08 05:50:00,ENTRY,3393.979,,3387.979,3399.979,0.5,,ENTRY_SIGNAL
28,2025-08-08 06:43:00,EXIT,3395.424,3389.424,3401.424,3389.424,0.5,30.0,TP_HIT
29,2025-08-08 07:06:00,EXIT,3393.979,3399.979,3387.979,3399.979,0.5,30.0,TP_HIT
30,2025-08-08 09:58:00,ENTRY,3400.486,,3406.486,3394.486,0.5,,ENTRY_SIGNAL
30,2025-08-08 10:17:00,EXIT,3400.486,3394.486,3406.486,3394.486,0.5,30.0,TP_HIT
31,2025-08-08 11:01:00,ENTRY,3387.46,,3381.46,3393.46,0.5,,ENTRY_SIGNAL
31,2025-08-08 11:24:00,EXIT,3387.46,3381.46,3381.46,3393.46,0.5,-30.0,SL_HIT
32,2025-08-08 15:55:00,ENTRY,3394.479,,3388.479,3400.479,0.5,,ENTRY_SIGNAL
32,2025-08-08 16:32:00,EXIT,3394.479,3400.479,3388.479,3400.479,0.5,30.0,TP_HIT
33,2025-08-08 18:05:00,ENTRY,3395.913,,3401.913,3389.913,0.5,,ENTRY_SIGNAL
33,2025-08-08 18:11:00,EXIT,3395.913,3401.913,3401.913,3389.913,0.5,-30.0,SL_HIT
34,2025-08-08 19:53:00,ENTRY,3398.674,,3392.674,3404.674,0.5,,ENTRY_SIGNAL
34,2025-08-08 20:35:00,EXIT,3398.674,3392.674,3392.674,3404.674,0.5,-30.0,SL_HIT
35,2025-08-08 20:57:00,ENTRY,3398.588,,3392.588,3404.588,0.5,,ENTRY_SIGNAL
35,2025-08-10 22:11:00,EXIT,3398.588,3392.588,3392.588,3404.588,0.5,-30.0,SL_HIT
36,2025-08-10 23:09:00,ENTRY,3396.225,,3390.225,3402.225,0.5,,ENTRY_SIGNAL
36,2025-08-11 00:00:00,EXIT,3396.225,3390.225,3390.225,3402.225,0.5,-30.0,SL_HIT
37,2025-08-12 22:05:00,ENTRY,3349.496,,3355.496,3343.496,0.5,,ENTRY_SIGNAL
37,2025-08-13 00:52:00,EXIT,3349.496,3343.496,3355.496,3343.496,0.5,30.0,TP_HIT
38,2025-08-14 00:00:00,ENTRY,3364.12,,3358.12,3370.12,0.5,,ENTRY_SIGNAL
38,2025-08-14 00:21:00,EXIT,3364.12,3370.12,3358.12,3370.12,0.5,30.0,TP_HIT
39,2025-08-14 05:57:00,ENTRY,3359.668,,3353.668,3365.668,0.5,,ENTRY_SIGNAL
39,2025-08-14 07:02:00,EXIT,3359.668,3365.668,3353.668,3365.668,0.5,30.0,TP_HIT
40,2025-08-14 19:02:00,ENTRY,3339.143,,3333.143,3345.143,0.5,,ENTRY_SIGNAL
41,2025-08-14 20:55:00,ENTRY,3335.505,,3329.505,3341.505,0.5,,ENTRY_SIGNAL
40,2025-08-14 22:20:00,EXIT,3339.143,3333.143,3333.143,3345.143,0.5,-30.0,SL_HIT
42,2025-08-14 22:53:00,ENTRY,3333.954,,3327.954,3339.954,0.5,,ENTRY_SIGNAL
42,2025-08-15 01:50:00,EXIT,3333.954,3339.954,3327.954,3339.954,0.5,30.0,TP_HIT
41,2025-08-15 03:30:00,EXIT,3335.505,3341.505,3329.505,3341.505,0.5,30.0,TP_HIT
43,2025-08-15 04:04:00,ENTRY,3344.256,,3350.256,3338.256,0.5,,ENTRY_SIGNAL
44,2025-08-15 04:53:00,ENTRY,3344.176,,3350.176,3338.176,0.5,,ENTRY_SIGNAL
43,2025-08-15 10:28:00,EXIT,3344.256,3338.256,3350.256,3338.256,0.5,30.0,TP_HIT
44,2025-08-15 10:28:00,EXIT,3344.176,3338.176,3350.176,3338.176,0.5,30.0,TP_HIT
45,2025-08-15 11:55:00,ENTRY,3343.983,,3337.983,3349.983,0.5,,ENTRY_SIGNAL
45,2025-08-15 12:17:00,EXIT,3343.983,3337.983,3337.983,3349.983,0.5,-30.0,SL_HIT
46,2025-08-15 13:00:00,ENTRY,3345.018,,3339.018,3351.018,0.5,,ENTRY_SIGNAL
46,2025-08-15 13:17:00,EXIT,3345.018,3339.018,3339.018,3351.018,0.5,-30.0,SL_HIT
47,2025-08-15 17:53:00,ENTRY,3335.592,,3341.592,3329.592,0.5,,ENTRY_SIGNAL
47,2025-08-17 23:16:00,EXIT,3335.592,3329.592,3341.592,3329.592,0.5,30.0,TP_HIT
48,2025-08-18 01:02:00,ENTRY,3343.427,,3337.427,3349.427,0.5,,ENTRY_SIGNAL
48,2025-08-18 03:49:00,EXIT,3343.427,3349.427,3337.427,3349.427,0.5,30.0,TP_HIT
49,2025-08-18 08:04:00,ENTRY,3347.485,,3353.485,3341.485,0.5,,ENTRY_SIGNAL
50,2025-08-18 09:52:00,ENTRY,3348.0,,3354.0,3342.0,0.5,,ENTRY_SIGNAL
49,2025-08-18 13:09:00,EXIT,3347.485,3341.485,3353.485,3341.485,0.5,30.0,TP_HIT
50,2025-08-18 13:09:00,EXIT,3348.0,3342.0,3354.0,3342.0,0.5,30.0,TP_HIT
51,2025-08-18 20:54:00,ENTRY,3332.955,,3338.955,3326.955,0.5,,ENTRY_SIGNAL
52,2025-08-18 22:55:00,ENTRY,3334.042,,3328.042,3340.042,0.5,,ENTRY_SIGNAL
52,2025-08-19 00:00:00,EXIT,3334.042,3328.042,3328.042,3340.042,0.5,-30.0,SL_HIT
51,2025-08-19 00:01:00,EXIT,3332.955,3326.955,3338.955,3326.955,0.5,30.0,TP_HIT
53,2025-08-19 02:00:00,ENTRY,3331.357,,3337.357,3325.357,0.5,,ENTRY_SIGNAL
53,2025-08-19 02:57:00,EXIT,3331.357,3337.357,3337.357,3325.357,0.5,-30.0,SL_HIT
54,2025-08-19 11:50:00,ENTRY,3341.501,,3347.501,3335.501,0.5,,ENTRY_SIGNAL
55,2025-08-19 11:53:00,ENTRY,3339.849,,3345.849,3333.849,0.5,,ENTRY_SIGNAL
54,2025-08-19 12:41:00,EXIT,3341.501,3335.501,3347.501,3335.501,0.5,30.0,TP_HIT
56,2025-08-19 12:53:00,ENTRY,3335.168,,3341.168,3329.168,0.5,,ENTRY_SIGNAL
55,2025-08-19 13:00:00,EXIT,3339.849,3333.849,3345.849,3333.849,0.5,30.0,TP_HIT
56,2025-08-19 13:10:00,EXIT,3335.168,3329.168,3341.168,3329.168,0.5,30.0,TP_HIT
57,2025-08-19 20:03:00,ENTRY,3316.15,,3322.15,3310.15,0.5,,ENTRY_SIGNAL
58,2025-08-19 22:50:00,ENTRY,3315.88,,3321.88,3309.88,0.5,,ENTRY_SIGNAL
57,2025-08-20 05:54:00,EXIT,3316.15,3322.15,3322.15,3310.15,0.5,-30.0,SL_HIT
58,2025-08-20 05:54:00,EXIT,3315.88,3321.88,3321.88,3309.88,0.5,-30.0,SL_HIT
59,2025-08-20 05:54:00,ENTRY,3321.887,,3315.887,3327.887,0.5,,ENTRY_SIGNAL
60,2025-08-20 07:04:00,ENTRY,3323.043,,3317.043,3329.043,0.5,,ENTRY_SIGNAL
59,2025-08-20 10:34:00,EXIT,3321.887,3327.887,3315.887,3327.887,0.5,30.0,TP_HIT
61,2025-08-20 11:05:00,ENTRY,3327.489,,3321.489,3333.489,0.5,,ENTRY_SIGNAL
60,2025-08-20 11:13:00,EXIT,3323.043,3329.043,3317.043,3329.043,0.5,30.0,TP_HIT
61,2025-08-20 12:03:00,EXIT,3327.489,3333.489,3321.489,3333.489,0.5,30.0,TP_HIT
62,2025-08-20 16:01:00,ENTRY,3342.651,,3336.651,3348.651,0.5,,ENTRY_SIGNAL
62,2025-08-20 19:20:00,EXIT,3342.651,3348.651,3336.651,3348.651,0.5,30.0,TP_HIT
63,2025-08-21 06:10:00,ENTRY,3338.93,,3332.93,3344.93,0.5,,ENTRY_SIGNAL
64,2025-08-21 09:00:00,ENTRY,3338.429,,3344.429,3332.429,0.5,,ENTRY_SIGNAL
63,2025-08-21 10:40:00,EXIT,3338.93,3332.93,3332.93,3344.93,0.5,-30.0,SL_HIT
64,2025-08-21 10:40:00,EXIT,3338.429,3332.429,3344.429,3332.429,0.5,30.0,TP_HIT
65,2025-08-21 11:57:00,ENTRY,3334.273,,3328.273,3340.273,0.5,,ENTRY_SIGNAL
65,2025-08-21 12:07:00,EXIT,3334.273,3340.273,3328.273,3340.273,0.5,30.0,TP_HIT
66,2025-08-21 22:50:00,ENTRY,3339.977,,3345.977,3333.977,0.5,,ENTRY_SIGNAL
66,2025-08-22 01:53:00,EXIT,3339.977,3333.977,3345.977,3333.977,0.5,30.0,TP_HIT
67,2025-08-22 05:09:00,ENTRY,3328.103,,3334.103,3322.103,0.5,,ENTRY_SIGNAL
67,2025-08-22 07:16:00,EXIT,3328.103,3334.103,3334.103,3322.103,0.5,-30.0,SL_HIT
68,2025-08-22 10:57:00,ENTRY,3330.863,,3336.863,3324.863,0.5,,ENTRY_SIGNAL
68,2025-08-22 12:32:00,EXIT,3330.863,3324.863,3336.863,3324.863,0.5,30.0,TP_HIT
69,2025-08-22 19:06:00,ENTRY,3372.406,,3366.406,3378.406,0.5,,ENTRY_SIGNAL
69,2025-08-24 22:44:00,EXIT,3372.406,3366.406,3366.406,3378.406,0.5,-30.0,SL_HIT
70,2025-08-25 02:08:00,ENTRY,3360.163,,3366.163,3354.163,0.5,,ENTRY_SIGNAL
70,2025-08-25 03:10:00,EXIT,3360.163,3366.163,3366.163,3354.163,0.5,-30.0,SL_HIT
71,2025-08-25 05:03:00,ENTRY,3364.917,,3370.917,3358.917,0.5,,ENTRY_SIGNAL
72,2025-08-25 05:54:00,ENTRY,3364.323,,3370.323,3358.323,0.5,,ENTRY_SIGNAL
71,2025-08-25 11:46:00,EXIT,3364.917,3370.917,3370.917,3358.917,0.5,-30.0,SL_HIT
72,2025-08-25 11:46:00,EXIT,3364.323,3370.323,3370.323,3358.323,0.5,-30.0,SL_HIT
73,2025-08-25 17:00:00,ENTRY,3373.501,,3379.501,3367.501,0.5,,ENTRY_SIGNAL
73,2025-08-25 19:42:00,EXIT,3373.501,3367.501,3379.501,3367.501,0.5,30.0,TP_HIT
74,2025-08-26 20:08:00,ENTRY,3390.354,,3396.354,3384.354,0.5,,ENTRY_SIGNAL
75,2025-08-27 00:00:00,ENTRY,3390.141,,3396.141,3384.141,0.5,,ENTRY_SIGNAL
74,2025-08-27 01:31:00,EXIT,3390.354,3384.354,3396.354,3384.354,0.5,30.0,TP_HIT
75,2025-08-27 01:39:00,EXIT,3390.141,3384.141,3396.141,3384.141,0.5,30.0,TP_HIT
76,2025-08-27 06:08:00,ENTRY,3378.344,,3384.344,3372.344,0.5,,ENTRY_SIGNAL
77,2025-08-27 06:53:00,ENTRY,3377.898,,3383.898,3371.898,0.5,,ENTRY_SIGNAL
77,2025-08-27 08:08:00,EXIT,3377.898,3383.898,3383.898,3371.898,0.5,-30.0,SL_HIT
76,2025-08-27 08:21:00,EXIT,3378.344,3384.344,3384.344,3372.344,0.5,-30.0,SL_HIT
78,2025-08-27 19:05:00,ENTRY,3396.011,,3390.011,3402.011,0.5,,ENTRY_SIGNAL
79,2025-08-27 23:00:00,ENTRY,3396.887,,3390.887,3402.887,0.5,,ENTRY_SIGNAL
79,2025-08-28 01:00:00,EXIT,3396.887,3390.887,3390.887,3402.887,0.5,-30.0,SL_HIT
78,2025-08-28 01:07:00,EXIT,3396.011,3390.011,3390.011,3402.011,0.5,-30.0,SL_HIT
80,2025-08-28 02:09:00,ENTRY,3385.44,,3391.44,3379.44,0.5,,ENTRY_SIGNAL
80,2025-08-28 03:01:00,EXIT,3385.44,3391.44,3391.44,3379.44,0.5,-30.0,SL_HIT
81,2025-08-28 07:03:00,ENTRY,3394.775,,3400.775,3388.775,0.5,,ENTRY_SIGNAL
81,2025-08-28 08:49:00,EXIT,3394.775,3400.775,3400.775,3388.775,0.5,-30.0,SL_HIT
82,2025-08-28 11:03:00,ENTRY,3397.857,,3391.857,3403.857,0.5,,ENTRY_SIGNAL
82,2025-08-28 11:29:00,EXIT,3397.857,3403.857,3391.857,3403.857,0.5,30.0,TP_HIT
83,2025-08-29 00:02:00,ENTRY,3414.792,,3420.792,3408.792,0.5,,ENTRY_SIGNAL
83,2025-08-29 01:36:00,EXIT,3414.792,3408.792,3420.792,3408.792,0.5,30.0,TP_HIT
84,2025-08-29 02:00:00,ENTRY,3410.967,,3404.967,3416.967,0.5,,ENTRY_SIGNAL
85,2025-08-29 09:52:00,ENTRY,3407.448,,3401.448,3413.448,0.5,,ENTRY_SIGNAL
84,2025-08-29 10:56:00,EXIT,3410.967,3404.967,3404.967,3416.967,0.5,-30.0,SL_HIT
85,2025-08-29 12:35:00,EXIT,3407.448,3413.448,3401.448,3413.448,0.5,30.0,TP_HIT
86,2025-08-29 16:06:00,ENTRY,3447.363,,3441.363,3453.363,0.5,,ENTRY_SIGNAL
87,2025-08-29 16:51:00,ENTRY,3447.884,,3441.884,3453.884,0.5,,ENTRY_SIGNAL
86,2025-08-29 17:49:00,EXIT,3447.363,3441.363,3441.363,3453.363,0.5,-30.0,SL_HIT
87,2025-08-29 17:49:00,EXIT,3447.884,3441.884,3441.884,3453.884,0.5,-30.0,SL_HIT
88,2025-08-29 18:54:00,ENTRY,3443.054,,3449.054,3437.054,0.5,,ENTRY_SIGNAL
88,2025-08-29 19:45:00,EXIT,3443.054,3449.054,3449.054,3437.054,0.5,-30.0,SL_HIT
89,2025-09-02 00:03:00,ENTRY,3482.079,,3476.079,3488.079,0.5,,ENTRY_SIGNAL
89,2025-09-02 01:14:00,EXIT,3482.079,3488.079,3476.079,3488.079,0.5,30.0,TP_HIT
90,2025-09-02 14:05:00,ENTRY,3490.435,,3496.435,3484.435,0.5,,ENTRY_SIGNAL
90,2025-09-02 14:08:00,EXIT,3490.435,3496.435,3496.435,3484.435,0.5,-30.0,SL_HIT
91,2025-09-02 23:02:00,ENTRY,3529.318,,3535.318,3523.318,0.5,,ENTRY_SIGNAL
91,2025-09-03 00:21:00,EXIT,3529.318,3535.318,3535.318,3523.318,0.5,-30.0,SL_HIT
92,2025-09-03 08:02:00,ENTRY,3536.065,,3530.065,3542.065,0.5,,ENTRY_SIGNAL
92,2025-09-03 11:01:00,EXIT,3536.065,3542.065,3530.065,3542.065,0.5,30.0,TP_HIT
93,2025-09-03 18:05:00,ENTRY,3575.997,,3569.997,3581.997,0.5,,ENTRY_SIGNAL
93,2025-09-03 18:32:00,EXIT,3575.997,3569.997,3569.997,3581.997,0.5,-30.0,SL_HIT
94,2025-09-04 00:02:00,ENTRY,3558.558,,3552.558,3564.558,0.5,,ENTRY_SIGNAL
94,2025-09-04 00:08:00,EXIT,3558.558,3552.558,3552.558,3564.558,0.5,-30.0,SL_HIT
95,2025-09-04 03:52:00,ENTRY,3526.687,,3532.687,3520.687,0.5,,ENTRY_SIGNAL
95,2025-09-04 04:08:00,EXIT,3526.687,3532.687,3532.687,3520.687,0.5,-30.0,SL_HIT
96,2025-09-04 04:51:00,ENTRY,3531.41,,3525.41,3537.41,0.5,,ENTRY_SIGNAL
96,2025-09-04 06:01:00,EXIT,3531.41,3525.41,3525.41,3537.41,0.5,-30.0,SL_HIT
97,2025-09-04 11:01:00,ENTRY,3538.507,,3544.507,3532.507,0.5,,ENTRY_SIGNAL
97,2025-09-04 11:38:00,EXIT,3538.507,3544.507,3544.507,3532.507,0.5,-30.0,SL_HIT
98,2025-09-04 13:00:00,ENTRY,3545.815,,3551.815,3539.815,0.5,,ENTRY_SIGNAL
98,2025-09-04 13:08:00,EXIT,3545.815,3539.815,3551.815,3539.815,0.5,30.0,TP_HIT
99,2025-09-05 04:02:00,ENTRY,3557.008,,3563.008,3551.008,0.5,,ENTRY_SIGNAL
99,2025-09-05 06:17:00,EXIT,3557.008,3551.008,3563.008,3551.008,0.5,30.0,TP_HIT
100,2025-09-05 11:53:00,ENTRY,3549.073,,3543.073,3555.073,0.5,,ENTRY_SIGNAL
101,2025-09-05 11:59:00,ENTRY,3553.252,,3547.252,3559.252,0.5,,ENTRY_SIGNAL
100,2025-09-05 12:29:00,EXIT,3549.073,3555.073,3543.073,3555.073,0.5,30.0,TP_HIT
101,2025-09-05 12:30:00,EXIT,3553.252,3559.252,3547.252,3559.252,0.5,30.0,TP_HIT
102,2025-09-08 07:00:00,ENTRY,3597.083,,3603.083,3591.083,0.5,,ENTRY_SIGNAL
102,2025-09-08 07:10:00,EXIT,3597.083,3603.083,3603.083,3591.083,0.5,-30.0,SL_HIT
103,2025-09-08 08:53:00,ENTRY,3612.448,,3606.448,3618.448,0.5,,ENTRY_SIGNAL
103,2025-09-08 10:14:00,EXIT,3612.448,3618.448,3606.448,3618.448,0.5,30.0,TP_HIT
104,2025-09-09 02:50:00,ENTRY,3650.068,,3656.068,3644.068,0.5,,ENTRY_SIGNAL
104,2025-09-09 03:13:00,EXIT,3650.068,3644.068,3656.068,3644.068,0.5,30.0,TP_HIT
105,2025-09-10 10:50:00,ENTRY,3656.541,,3650.541,3662.541,0.5,,ENTRY_SIGNAL
105,2025-09-10 11:04:00,EXIT,3656.541,3650.541,3650.541,3662.541,0.5,-30.0,SL_HIT
106,2025-09-10 17:55:00,ENTRY,3647.126,,3641.126,3653.126,0.5,,ENTRY_SIGNAL
107,2025-09-10 18:54:00,ENTRY,3644.57,,3650.57,3638.57,0.5,,ENTRY_SIGNAL
106,2025-09-10 19:17:00,EXIT,3647.126,3641.126,3641.126,3653.126,0.5,-30.0,SL_HIT
107,2025-09-10 19:30:00,EXIT,3644.57,3638.57,3650.57,3638.57,0.5,30.0,TP_HIT
108,2025-09-11 00:10:00,ENTRY,3644.733,,3650.733,3638.733,0.5,,ENTRY_SIGNAL
108,2025-09-11 02:25:00,EXIT,3644.733,3638.733,3650.733,3638.733,0.5,30.0,TP_HIT
109,2025-09-11 07:55:00,ENTRY,3630.012,,3624.012,3636.012,0.5,,ENTRY_SIGNAL
109,2025-09-11 09:02:00,EXIT,3630.012,3624.012,3624.012,3636.012,0.5,-30.0,SL_HIT
110,2025-09-11 20:57:00,ENTRY,3633.56,,3627.56,3639.56,0.5,,ENTRY_SIGNAL
110,2025-09-12 01:02:00,EXIT,3633.56,3639.56,3627.56,3639.56,0.5,30.0,TP_HIT
111,2025-09-12 06:01:00,ENTRY,3652.118,,3658.118,3646.118,0.5,,ENTRY_SIGNAL
111,2025-09-12 08:11:00,EXIT,3652.118,3646.118,3658.118,3646.118,0.5,30.0,TP_HIT
112,2025-09-12 10:50:00,ENTRY,3651.026,,3645.026,3657.026,0.5,,ENTRY_SIGNAL
112,2025-09-12 12:05:00,EXIT,3651.026,3645.026,3645.026,3657.026,0.5,-30.0,SL_HIT
113,2025-09-12 13:56:00,ENTRY,3651.305,,3657.305,3645.305,0.5,,ENTRY_SIGNAL
113,2025-09-12 15:05:00,EXIT,3651.305,3645.305,3657.305,3645.305,0.5,30.0,TP_HIT
114,2025-09-15 00:07:00,ENTRY,3637.877,,3631.877,3643.877,0.5,,ENTRY_SIGNAL
114,2025-09-15 01:00:00,EXIT,3637.877,3631.877,3631.877,3643.877,0.5,-30.0,SL_HIT
115,2025-09-15 08:53:00,ENTRY,3642.221,,3636.221,3648.221,0.5,,ENTRY_SIGNAL
115,2025-09-15 09:38:00,EXIT,3642.221,3636.221,3636.221,3648.221,0.5,-30.0,SL_HIT
116,2025-09-16 00:04:00,ENTRY,3677.041,,3683.041,3671.041,0.5,,ENTRY_SIGNAL
116,2025-09-16 00:29:00,EXIT,3677.041,3683.041,3683.041,3671.041,0.5,-30.0,SL_HIT
117,2025-09-16 01:04:00,ENTRY,3680.74,,3686.74,3674.74,0.5,,ENTRY_SIGNAL
117,2025-09-16 02:46:00,EXIT,3680.74,3674.74,3686.74,3674.74,0.5,30.0,TP_HIT
118,2025-09-16 03:59:00,ENTRY,3681.159,,3675.159,3687.159,0.5,,ENTRY_SIGNAL
118,2025-09-16 06:35:00,EXIT,3681.159,3687.159,3675.159,3687.159,0.5,30.0,TP_HIT
119,2025-09-16 07:52:00,ENTRY,3687.791,,3693.791,3681.791,0.5,,ENTRY_SIGNAL
119,2025-09-16 08:13:00,EXIT,3687.791,3693.791,3693.791,3681.791,0.5,-30.0,SL_HIT
120,2025-09-16 13:01:00,ENTRY,3686.889,,3692.889,3680.889,0.5,,ENTRY_SIGNAL
120,2025-09-16 13:26:00,EXIT,3686.889,3692.889,3692.889,3680.889,0.5,-30.0,SL_HIT
121,2025-09-16 16:53:00,ENTRY,3690.71,,3684.71,3696.71,0.5,,ENTRY_SIGNAL
122,2025-09-16 20:03:00,ENTRY,3690.41,,3684.41,3696.41,0.5,,ENTRY_SIGNAL
121,2025-09-17 01:30:00,EXIT,3690.71,3684.71,3684.71,3696.71,0.5,-30.0,SL_HIT
122,2025-09-17 01:30:00,EXIT,3690.41,3684.41,3684.41,3696.41,0.5,-30.0,SL_HIT
123,2025-09-17 07:03:00,ENTRY,3672.605,,3666.605,3678.605,0.5,,ENTRY_SIGNAL
123,2025-09-17 08:01:00,EXIT,3672.605,3666.605,3666.605,3678.605,0.5,-30.0,SL_HIT
124,2025-09-17 12:00:00,ENTRY,3668.177,,3662.177,3674.177,0.5,,ENTRY_SIGNAL
124,2025-09-17 12:41:00,EXIT,3668.177,3674.177,3662.177,3674.177,0.5,30.0,TP_HIT
125,2025-09-17 18:02:00,ENTRY,3689.365,,3683.365,3695.365,0.5,,ENTRY_SIGNAL
125,2025-09-17 18:04:00,EXIT,3689.365,3695.365,3683.365,3695.365,0.5,30.0,TP_HIT
126,2025-09-18 00:00:00,ENTRY,3667.661,,3673.661,3661.661,0.5,,ENTRY_SIGNAL
126,2025-09-18 00:10:00,EXIT,3667.661,3661.661,3673.661,3661.661,0.5,30.0,TP_HIT
127,2025-09-18 04:52:00,ENTRY,3655.668,,3661.668,3649.668,0.5,,ENTRY_SIGNAL
127,2025-09-18 05:54:00,EXIT,3655.668,3649.668,3661.668,3649.668,0.5,30.0,TP_HIT
128,2025-09-18 10:07:00,ENTRY,3669.871,,3675.871,3663.871,0.5,,ENTRY_SIGNAL
129,2025-09-18 11:04:00,ENTRY,3667.874,,3673.874,3661.874,0.5,,ENTRY_SIGNAL
128,2025-09-18 12:59:00,EXIT,3669.871,3663.871,3675.871,3663.871,0.5,30.0,TP_HIT
129,2025-09-18 13:00:00,EXIT,3667.874,3661.874,3673.874,3661.874,0.5,30.0,TP_HIT
130,2025-09-19 07:00:00,ENTRY,3650.202,,3644.202,3656.202,0.5,,ENTRY_SIGNAL
130,2025-09-19 07:50:00,EXIT,3650.202,3656.202,3644.202,3656.202,0.5,30.0,TP_HIT
131,2025-09-19 09:52:00,ENTRY,3657.228,,3651.228,3663.228,0.5,,ENTRY_SIGNAL
131,2025-09-19 11:25:00,EXIT,3657.228,3651.228,3651.228,3663.228,0.5,-30.0,SL_HIT
132,2025-09-19 14:52:00,ENTRY,3665.412,,3659.412,3671.412,0.5,,ENTRY_SIGNAL
132,2025-09-19 15:13:00,EXIT,3665.412,3671.412,3659.412,3671.412,0.5,30.0,TP_HIT
133,2025-09-19 20:54:00,ENTRY,3684.979,,3678.979,3690.979,0.5,,ENTRY_SIGNAL
133,2025-09-21 22:24:00,EXIT,3684.979,3690.979,3678.979,3690.979,0.5,30.0,TP_HIT
134,2025-09-22 11:56:00,ENTRY,3722.527,,3716.527,3728.527,0.5,,ENTRY_SIGNAL
134,2025-09-22 12:21:00,EXIT,3722.527,3716.527,3716.527,3728.527,0.5,-30.0,SL_HIT
135,2025-09-23 07:58:00,ENTRY,3754.214,,3748.214,3760.214,0.5,,ENTRY_SIGNAL
136,2025-09-23 08:05:00,ENTRY,3755.169,,3761.169,3749.169,0.5,,ENTRY_SIGNAL
135,2025-09-23 08:30:00,EXIT,3754.214,3760.214,3748.214,3760.214,0.5,30.0,TP_HIT
136,2025-09-23 08:31:00,EXIT,3755.169,3761.169,3761.169,3749.169,0.5,-30.0,SL_HIT
137,2025-09-23 13:08:00,ENTRY,3783.693,,3789.693,3777.693,0.5,,ENTRY_SIGNAL
137,2025-09-23 13:50:00,EXIT,3783.693,3777.693,3789.693,3777.693,0.5,30.0,TP_HIT
138,2025-09-24 00:01:00,ENTRY,3761.63,,3767.63,3755.63,0.5,,ENTRY_SIGNAL
138,2025-09-24 01:08:00,EXIT,3761.63,3767.63,3767.63,3755.63,0.5,-30.0,SL_HIT
139,2025-09-24 04:58:00,ENTRY,3768.264,,3762.264,3774.264,0.5,,ENTRY_SIGNAL
139,2025-09-24 05:35:00,EXIT,3768.264,3774.264,3762.264,3774.264,0.5,30.0,TP_HIT
140,2025-09-24 14:08:00,ENTRY,3756.248,,3762.248,3750.248,0.5,,ENTRY_SIGNAL
140,2025-09-24 14:16:00,EXIT,3756.248,3762.248,3762.248,3750.248,0.5,-30.0,SL_HIT
141,2025-09-24 16:05:00,ENTRY,3744.991,,3738.991,3750.991,0.5,,ENTRY_SIGNAL
141,2025-09-24 16:16:00,EXIT,3744.991,3738.991,3738.991,3750.991,0.5,-30.0,SL_HIT
142,2025-09-25 05:58:00,ENTRY,3738.815,,3744.815,3732.815,0.5,,ENTRY_SIGNAL
142,2025-09-25 06:11:00,EXIT,3738.815,3744.815,3744.815,3732.815,0.5,-30.0,SL_HIT
143,2025-09-25 17:03:00,ENTRY,3733.433,,3739.433,3727.433,0.5,,ENTRY_SIGNAL
143,2025-09-25 17:14:00,EXIT,3733.433,3739.433,3739.433,3727.433,0.5,-30.0,SL_HIT
144,2025-09-25 18:53:00,ENTRY,3757.548,,3751.548,3763.548,0.5,,ENTRY_SIGNAL
145,2025-09-25 19:00:00,ENTRY,3752.923,,3758.923,3746.923,0.5,,ENTRY_SIGNAL
144,2025-09-25 19:23:00,EXIT,3757.548,3751.548,3751.548,3763.548,0.5,-30.0,SL_HIT
145,2025-09-25 19:37:00,EXIT,3752.923,3746.923,3758.923,3746.923,0.5,30.0,TP_HIT
146,2025-09-25 22:52:00,ENTRY,3749.259,,3755.259,3743.259,0.5,,ENTRY_SIGNAL
146,2025-09-25 23:16:00,EXIT,3749.259,3743.259,3755.259,3743.259,0.5,30.0,TP_HIT
147,2025-09-26 05:51:00,ENTRY,3745.298,,3751.298,3739.298,0.5,,ENTRY_SIGNAL
147,2025-09-26 06:14:00,EXIT,3745.298,3751.298,3751.298,3739.298,0.5,-30.0,SL_HIT
148,2025-09-26 07:58:00,ENTRY,3748.288,,3754.288,3742.288,0.5,,ENTRY_SIGNAL
148,2025-09-26 08:41:00,EXIT,3748.288,3754.288,3754.288,3742.288,0.5,-30.0,SL_HIT
149,2025-09-26 15:51:00,ENTRY,3779.818,,3773.818,3785.818,0.5,,ENTRY_SIGNAL
149,2025-09-26 16:17:00,EXIT,3779.818,3773.818,3773.818,3785.818,0.5,-30.0,SL_HIT
150,2025-09-26 17:59:00,ENTRY,3782.897,,3776.897,3788.897,0.5,,ENTRY_SIGNAL
150,2025-09-26 18:03:00,EXIT,3782.897,3776.897,3776.897,3788.897,0.5,-30.0,SL_HIT
151,2025-09-28 23:04:00,ENTRY,3767.618,,3773.618,3761.618,0.5,,ENTRY_SIGNAL
151,2025-09-29 00:10:00,EXIT,3767.618,3773.618,3773.618,3761.618,0.5,-30.0,SL_HIT
152,2025-09-29 05:06:00,ENTRY,3807.49,,3813.49,3801.49,0.5,,ENTRY_SIGNAL
152,2025-09-29 05:42:00,EXIT,3807.49,3801.49,3813.49,3801.49,0.5,30.0,TP_HIT
153,2025-09-29 05:52:00,ENTRY,3808.858,,3802.858,3814.858,0.5,,ENTRY_SIGNAL
153,2025-09-29 06:00:00,EXIT,3808.858,3814.858,3802.858,3814.858,0.5,30.0,TP_HIT
154,2025-09-29 10:10:00,ENTRY,3806.887,,3812.887,3800.887,0.5,,ENTRY_SIGNAL
154,2025-09-29 10:22:00,EXIT,3806.887,3812.887,3812.887,3800.887,0.5,-30.0,SL_HIT
155,2025-09-29 18:59:00,ENTRY,3824.605,,3830.605,3818.605,0.5,,ENTRY_SIGNAL
155,2025-09-29 20:44:00,EXIT,3824.605,3830.605,3830.605,3818.605,0.5,-30.0,SL_HIT
156,2025-09-30 01:05:00,ENTRY,3838.85,,3844.85,3832.85,0.5,,ENTRY_SIGNAL
156,2025-09-30 01:24:00,EXIT,3838.85,3844.85,3844.85,3832.85,0.5,-30.0,SL_HIT
157,2025-09-30 04:55:00,ENTRY,3865.238,,3859.238,3871.238,0.5,,ENTRY_SIGNAL
157,2025-09-30 06:10:00,EXIT,3865.238,3871.238,3859.238,3871.238,0.5,30.0,TP_HIT
158,2025-09-30 06:10:00,ENTRY,3871.209,,3865.209,3877.209,0.5,,ENTRY_SIGNAL
158,2025-09-30 06:15:00,EXIT,3871.209,3865.209,3865.209,3877.209,0.5,-30.0,SL_HIT
159,2025-09-30 09:07:00,ENTRY,3814.666,,3820.666,3808.666,0.5,,ENTRY_SIGNAL
159,2025-09-30 09:11:00,EXIT,3814.666,3808.666,3820.666,3808.666,0.5,30.0,TP_HIT
160,2025-09-30 12:01:00,ENTRY,3816.016,,3810.016,3822.016,0.5,,ENTRY_SIGNAL
160,2025-09-30 12:42:00,EXIT,3816.016,3810.016,3810.016,3822.016,0.5,-30.0,SL_HIT
161,2025-10-01 02:53:00,ENTRY,3863.586,,3869.586,3857.586,0.5,,ENTRY_SIGNAL
161,2025-10-01 03:35:00,EXIT,3863.586,3857.586,3869.586,3857.586,0.5,30.0,TP_HIT
162,2025-10-01 05:59:00,ENTRY,3863.541,,3857.541,3869.541,0.5,,ENTRY_SIGNAL
162,2025-10-01 06:18:00,EXIT,3863.541,3857.541,3857.541,3869.541,0.5,-30.0,SL_HIT
163,2025-10-01 16:59:00,ENTRY,3870.893,,3876.893,3864.893,0.5,,ENTRY_SIGNAL
164,2025-10-01 17:00:00,ENTRY,3869.942,,3875.942,3863.942,0.5,,ENTRY_SIGNAL
163,2025-10-01 17:41:00,EXIT,3870.893,3864.893,3876.893,3864.893,0.5,30.0,TP_HIT
164,2025-10-01 17:43:00,EXIT,3869.942,3863.942,3875.942,3863.942,0.5,30.0,TP_HIT
165,2025-10-02 00:52:00,ENTRY,3856.853,,3862.853,3850.853,0.5,,ENTRY_SIGNAL
165,2025-10-02 01:23:00,EXIT,3856.853,3862.853,3862.853,3850.853,0.5,-30.0,SL_HIT
166,2025-10-02 01:56:00,ENTRY,3864.736,,3858.736,3870.736,0.5,,ENTRY_SIGNAL
167,2025-10-02 02:05:00,ENTRY,3863.214,,3857.214,3869.214,0.5,,ENTRY_SIGNAL
167,2025-10-02 02:14:00,EXIT,3863.214,3869.214,3857.214,3869.214,0.5,30.0,TP_HIT
166,2025-10-02 05:27:00,EXIT,3864.736,3870.736,3858.736,3870.736,0.5,30.0,TP_HIT
168,2025-10-02 20:06:00,ENTRY,3857.338,,3851.338,3863.338,0.5,,ENTRY_SIGNAL
168,2025-10-02 23:47:00,EXIT,3857.338,3863.338,3851.338,3863.338,0.5,30.0,TP_HIT
169,2025-10-03 01:06:00,ENTRY,3857.302,,3863.302,3851.302,0.5,,ENTRY_SIGNAL
169,2025-10-03 01:23:00,EXIT,3857.302,3851.302,3863.302,3851.302,0.5,30.0,TP_HIT
170,2025-10-03 05:50:00,ENTRY,3857.558,,3851.558,3863.558,0.5,,ENTRY_SIGNAL
170,2025-10-03 06:03:00,EXIT,3857.558,3851.558,3851.558,3863.558,0.5,-30.0,SL_HIT
171,2025-10-03 14:50:00,ENTRY,3879.062,,3885.062,3873.062,0.5,,ENTRY_SIGNAL
172,2025-10-03 15:05:00,ENTRY,3881.318,,3875.318,3887.318,0.5,,ENTRY_SIGNAL
172,2025-10-03 15:08:00,EXIT,3881.318,3875.318,3875.318,3887.318,0.5,-30.0,SL_HIT
171,2025-10-03 15:24:00,EXIT,3879.062,3885.062,3885.062,3873.062,0.5,-30.0,SL_HIT
173,2025-10-03 17:07:00,ENTRY,3882.25,,3876.25,3888.25,0.5,,ENTRY_SIGNAL
173,2025-10-03 18:36:00,EXIT,3882.25,3888.25,3876.25,3888.25,0.5,30.0,TP_HIT
174,2025-10-03 19:51:00,ENTRY,3888.406,,3882.406,3894.406,0.5,,ENTRY_SIGNAL
174,2025-10-05 22:44:00,EXIT,3888.406,3894.406,3882.406,3894.406,0.5,30.0,TP_HIT
175,2025-10-06 05:00:00,ENTRY,3940.018,,3934.018,3946.018,0.5,,ENTRY_SIGNAL
175,2025-10-06 05:19:00,EXIT,3940.018,3934.018,3934.018,3946.018,0.5,-30.0,SL_HIT
176,2025-10-06 14:57:00,ENTRY,3956.957,,3962.957,3950.957,0.5,,ENTRY_SIGNAL
176,2025-10-06 15:10:00,EXIT,3956.957,3950.957,3962.957,3950.957,0.5,30.0,TP_HIT
177,2025-10-07 00:08:00,ENTRY,3971.085,,3965.085,3977.085,0.5,,ENTRY_SIGNAL
177,2025-10-07 00:28:00,EXIT,3971.085,3977.085,3965.085,3977.085,0.5,30.0,TP_HIT
178,2025-10-07 05:01:00,ENTRY,3976.023,,3982.023,3970.023,0.5,,ENTRY_SIGNAL
178,2025-10-07 05:10:00,EXIT,3976.023,3970.023,3982.023,3970.023,0.5,30.0,TP_HIT
179,2025-10-07 07:52:00,ENTRY,3948.0,,3954.0,3942.0,0.5,,ENTRY_SIGNAL
179,2025-10-07 08:06:00,EXIT,3948.0,3942.0,3954.0,3942.0,0.5,30.0,TP_HIT
180,2025-10-07 10:53:00,ENTRY,3962.356,,3956.356,3968.356,0.5,,ENTRY_SIGNAL
180,2025-10-07 11:34:00,EXIT,3962.356,3956.356,3956.356,3968.356,0.5,-30.0,SL_HIT
181,2025-10-07 17:01:00,ENTRY,3978.823,,3972.823,3984.823,0.5,,ENTRY_SIGNAL
181,2025-10-07 17:11:00,EXIT,3978.823,3984.823,3972.823,3984.823,0.5,30.0,TP_HIT
182,2025-10-07 20:03:00,ENTRY,3981.454,,3987.454,3975.454,0.5,,ENTRY_SIGNAL
182,2025-10-07 22:10:00,EXIT,3981.454,3987.454,3987.454,3975.454,0.5,-30.0,SL_HIT
183,2025-10-08 04:01:00,ENTRY,4016.358,,4010.358,4022.358,0.5,,ENTRY_SIGNAL
183,2025-10-08 04:50:00,EXIT,4016.358,4022.358,4010.358,4022.358,0.5,30.0,TP_HIT
184,2025-10-08 07:02:00,ENTRY,4033.304,,4027.304,4039.304,0.5,,ENTRY_SIGNAL
184,2025-10-08 08:06:00,EXIT,4033.304,4039.304,4027.304,4039.304,0.5,30.0,TP_HIT
185,2025-10-09 19:03:00,ENTRY,3959.003,,3953.003,3965.003,0.5,,ENTRY_SIGNAL
185,2025-10-09 19:09:00,EXIT,3959.003,3965.003,3953.003,3965.003,0.5,30.0,TP_HIT
186,2025-10-09 23:01:00,ENTRY,3977.36,,3971.36,3983.36,0.5,,ENTRY_SIGNAL
186,2025-10-09 23:25:00,EXIT,3977.36,3983.36,3971.36,3983.36,0.5,30.0,TP_HIT
187,2025-10-10 09:02:00,ENTRY,3992.467,,3998.467,3986.467,0.5,,ENTRY_SIGNAL
187,2025-10-10 09:12:00,EXIT,3992.467,3998.467,3998.467,3986.467,0.5,-30.0,SL_HIT
188,2025-10-10 13:03:00,ENTRY,3981.072,,3987.072,3975.072,0.5,,ENTRY_SIGNAL
188,2025-10-10 13:09:00,EXIT,3981.072,3987.072,3987.072,3975.072,0.5,-30.0,SL_HIT
189,2025-10-10 14:58:00,ENTRY,3991.253,,3985.253,3997.253,0.5,,ENTRY_SIGNAL
189,2025-10-10 15:01:00,EXIT,3991.253,3997.253,3985.253,3997.253,0.5,30.0,TP_HIT
190,2025-10-13 02:10:00,ENTRY,4049.63,,4043.63,4055.63,0.5,,ENTRY_SIGNAL
190,2025-10-13 02:37:00,EXIT,4049.63,4043.63,4043.63,4055.63,0.5,-30.0,SL_HIT
191,2025-10-13 05:00:00,ENTRY,4057.95,,4051.95,4063.95,0.5,,ENTRY_SIGNAL
191,2025-10-13 05:09:00,EXIT,4057.95,4063.95,4051.95,4063.95,0.5,30.0,TP_HIT
192,2025-10-14 14:00:00,ENTRY,4129.836,,4123.836,4135.836,0.5,,ENTRY_SIGNAL
192,2025-10-14 14:06:00,EXIT,4129.836,4123.836,4123.836,4135.836,0.5,-30.0,SL_HIT
193,2025-10-14 22:05:00,ENTRY,4143.503,,4137.503,4149.503,0.5,,ENTRY_SIGNAL
193,2025-10-14 22:10:00,EXIT,4143.503,4149.503,4137.503,4149.503,0.5,30.0,TP_HIT
194,2025-10-14 23:06:00,ENTRY,4161.757,,4155.757,4167.757,0.5,,ENTRY_SIGNAL
195,2025-10-14 23:52:00,ENTRY,4167.168,,4161.168,4173.168,0.5,,ENTRY_SIGNAL
195,2025-10-14 23:58:00,EXIT,4167.168,4161.168,4161.168,4173.168,0.5,-30.0,SL_HIT
194,2025-10-15 00:11:00,EXIT,4161.757,4167.757,4155.757,4167.757,0.5,30.0,TP_HIT
196,2025-10-15 09:51:00,ENTRY,4193.016,,4187.016,4199.016,0.5,,ENTRY_SIGNAL
196,2025-10-15 10:08:00,EXIT,4193.016,4199.016,4187.016,4199.016,0.5,30.0,TP_HIT
197,2025-10-15 12:53:00,ENTRY,4188.823,,4182.823,4194.823,0.5,,ENTRY_SIGNAL
197,2025-10-15 13:12:00,EXIT,4188.823,4194.823,4182.823,4194.823,0.5,30.0,TP_HIT
198,2025-10-15 14:00:00,ENTRY,4196.959,,4190.959,4202.959,0.5,,ENTRY_SIGNAL
198,2025-10-15 14:03:00,EXIT,4196.959,4202.959,4190.959,4202.959,0.5,30.0,TP_HIT
199,2025-10-15 15:02:00,ENTRY,4196.225,,4202.225,4190.225,0.5,,ENTRY_SIGNAL
199,2025-10-15 15:25:00,EXIT,4196.225,4202.225,4202.225,4190.225,0.5,-30.0,SL_HIT
200,2025-10-15 15:50:00,ENTRY,4183.398,,4189.398,4177.398,0.5,,ENTRY_SIGNAL
200,2025-10-15 15:54:00,EXIT,4183.398,4189.398,4189.398,4177.398,0.5,-30.0,SL_HIT
201,2025-10-15 19:50:00,ENTRY,4212.058,,4206.058,4218.058,0.5,,ENTRY_SIGNAL
201,2025-10-15 20:20:00,EXIT,4212.058,4206.058,4206.058,4218.058,0.5,-30.0,SL_HIT
202,2025-10-16 00:02:00,ENTRY,4206.783,,4212.783,4200.783,0.5,,ENTRY_SIGNAL
202,2025-10-16 00:12:00,EXIT,4206.783,4212.783,4212.783,4200.783,0.5,-30.0,SL_HIT
203,2025-10-16 07:59:00,ENTRY,4230.617,,4224.617,4236.617,0.5,,ENTRY_SIGNAL
204,2025-10-16 09:01:00,ENTRY,4234.084,,4228.084,4240.084,0.5,,ENTRY_SIGNAL
204,2025-10-16 09:25:00,EXIT,4234.084,4228.084,4228.084,4240.084,0.5,-30.0,SL_HIT
203,2025-10-16 09:26:00,EXIT,4230.617,4224.617,4224.617,4236.617,0.5,-30.0,SL_HIT
205,2025-10-16 13:56:00,ENTRY,4245.284,,4251.284,4239.284,0.5,,ENTRY_SIGNAL
205,2025-10-16 14:00:00,EXIT,4245.284,4251.284,4251.284,4239.284,0.5,-30.0,SL_HIT
206,2025-10-16 18:59:00,ENTRY,4291.132,,4297.132,4285.132,0.5,,ENTRY_SIGNAL
206,2025-10-16 19:45:00,EXIT,4291.132,4297.132,4297.132,4285.132,0.5,-30.0,SL_HIT
207,2025-10-16 23:54:00,ENTRY,4363.894,,4369.894,4357.894,0.5,,ENTRY_SIGNAL
207,2025-10-16 23:55:00,EXIT,4363.894,4369.894,4369.894,4357.894,0.5,-30.0,SL_HIT
208,2025-10-17 03:03:00,ENTRY,4345.768,,4339.768,4351.768,0.5,,ENTRY_SIGNAL
208,2025-10-17 03:09:00,EXIT,4345.768,4351.768,4339.768,4351.768,0.5,30.0,TP_HIT
209,2025-10-17 16:51:00,ENTRY,4213.299,,4219.299,4207.299,0.5,,ENTRY_SIGNAL
209,2025-10-17 16:52:00,EXIT,4213.299,4207.299,4219.299,4207.299,0.5,30.0,TP_HIT
210,2025-10-17 19:09:00,ENTRY,4230.584,,4236.584,4224.584,0.5,,ENTRY_SIGNAL
210,2025-10-17 19:14:00,EXIT,4230.584,4224.584,4236.584,4224.584,0.5,30.0,TP_HIT
211,2025-10-20 04:53:00,ENTRY,4267.469,,4261.469,4273.469,0.5,,ENTRY_SIGNAL
211,2025-10-20 05:10:00,EXIT,4267.469,4261.469,4261.469,4273.469,0.5,-30.0,SL_HIT
212,2025-10-20 16:57:00,ENTRY,4348.266,,4342.266,4354.266,0.5,,ENTRY_SIGNAL
212,2025-10-20 17:17:00,EXIT,4348.266,4342.266,4342.266,4354.266,0.5,-30.0,SL_HIT
213,2025-10-21 00:59:00,ENTRY,4368.859,,4374.859,4362.859,0.5,,ENTRY_SIGNAL
213,2025-10-21 01:04:00,EXIT,4368.859,4362.859,4374.859,4362.859,0.5,30.0,TP_HIT
214,2025-10-21 01:04:00,ENTRY,4364.291,,4370.291,4358.291,0.5,,ENTRY_SIGNAL
214,2025-10-21 01:07:00,EXIT,4364.291,4358.291,4370.291,4358.291,0.5,30.0,TP_HIT
215,2025-10-21 14:05:00,ENTRY,4178.742,,4172.742,4184.742,0.5,,ENTRY_SIGNAL
215,2025-10-21 14:06:00,EXIT,4178.742,4184.742,4172.742,4184.742,0.5,30.0,TP_HIT
216,2025-10-21 15:56:00,ENTRY,4139.93,,4145.93,4133.93,0.5,,ENTRY_SIGNAL
216,2025-10-21 16:00:00,EXIT,4139.93,4133.93,4145.93,4133.93,0.5,30.0,TP_HIT
217,2025-10-22 01:52:00,ENTRY,4093.421,,4087.421,4099.421,0.5,,ENTRY_SIGNAL
217,2025-10-22 01:53:00,EXIT,4093.421,4087.421,4087.421,4099.421,0.5,-30.0,SL_HIT
218,2025-10-22 07:56:00,ENTRY,4135.518,,4141.518,4129.518,0.5,,ENTRY_SIGNAL
218,2025-10-22 08:02:00,EXIT,4135.518,4129.518,4141.518,4129.518,0.5,30.0,TP_HIT
219,2025-10-22 12:01:00,ENTRY,4033.601,,4027.601,4039.601,0.5,,ENTRY_SIGNAL
219,2025-10-22 12:03:00,EXIT,4033.601,4039.601,4027.601,4039.601,0.5,30.0,TP_HIT
220,2025-10-22 13:00:00,ENTRY,4051.073,,4045.073,4057.073,0.5,,ENTRY_SIGNAL
220,2025-10-22 13:01:00,EXIT,4051.073,4045.073,4045.073,4057.073,0.5,-30.0,SL_HIT
221,2025-10-22 14:06:00,ENTRY,4064.983,,4070.983,4058.983,0.5,,ENTRY_SIGNAL
221,2025-10-22 14:10:00,EXIT,4064.983,4058.983,4070.983,4058.983,0.5,30.0,TP_HIT
222,2025-10-22 17:04:00,ENTRY,4046.732,,4052.732,4040.732,0.5,,ENTRY_SIGNAL
222,2025-10-22 17:09:00,EXIT,4046.732,4052.732,4052.732,4040.732,0.5,-30.0,SL_HIT
223,2025-10-23 00:55:00,ENTRY,4082.014,,4088.014,4076.014,0.5,,ENTRY_SIGNAL
223,2025-10-23 01:00:00,EXIT,4082.014,4076.014,4088.014,4076.014,0.5,30.0,TP_HIT
224,2025-10-23 12:10:00,ENTRY,4109.289,,4115.289,4103.289,0.5,,ENTRY_SIGNAL
224,2025-10-23 12:20:00,EXIT,4109.289,4103.289,4115.289,4103.289,0.5,30.0,TP_HIT
225,2025-10-23 12:57:00,ENTRY,4124.586,,4130.586,4118.586,0.5,,ENTRY_SIGNAL
225,2025-10-23 13:00:00,EXIT,4124.586,4130.586,4130.586,4118.586,0.5,-30.0,SL_HIT
226,2025-10-23 17:51:00,ENTRY,4136.289,,4130.289,4142.289,0.5,,ENTRY_SIGNAL
226,2025-10-23 18:26:00,EXIT,4136.289,4142.289,4130.289,4142.289,0.5,30.0,TP_HIT
227,2025-10-24 02:08:00,ENTRY,4114.943,,4108.943,4120.943,0.5,,ENTRY_SIGNAL
228,2025-10-24 02:56:00,ENTRY,4112.146,,4118.146,4106.146,0.5,,ENTRY_SIGNAL
227,2025-10-24 03:02:00,EXIT,4114.943,4108.943,4108.943,4120.943,0.5,-30.0,SL_HIT
228,2025-10-24 03:15:00,EXIT,4112.146,4118.146,4118.146,4106.146,0.5,-30.0,SL_HIT
229,2025-10-24 05:00:00,ENTRY,4113.254,,4107.254,4119.254,0.5,,ENTRY_SIGNAL
229,2025-10-24 05:37:00,EXIT,4113.254,4107.254,4107.254,4119.254,0.5,-30.0,SL_HIT
230,2025-10-24 09:04:00,ENTRY,4068.632,,4062.632,4074.632,0.5,,ENTRY_SIGNAL
231,2025-10-24 09:51:00,ENTRY,4064.329,,4070.329,4058.329,0.5,,ENTRY_SIGNAL
230,2025-10-24 09:52:00,EXIT,4068.632,4062.632,4062.632,4074.632,0.5,-30.0,SL_HIT
231,2025-10-24 09:54:00,EXIT,4064.329,4058.329,4070.329,4058.329,0.5,30.0,TP_HIT
232,2025-10-24 14:06:00,ENTRY,4113.432,,4107.432,4119.432,0.5,,ENTRY_SIGNAL
232,2025-10-24 14:10:00,EXIT,4113.432,4119.432,4107.432,4119.432,0.5,30.0,TP_HIT
233,2025-10-24 15:52:00,ENTRY,4130.05,,4124.05,4136.05,0.5,,ENTRY_SIGNAL
233,2025-10-24 16:08:00,EXIT,4130.05,4136.05,4124.05,4136.05,0.5,30.0,TP_HIT
234,2025-10-27 00:01:00,ENTRY,4062.803,,4068.803,4056.803,0.5,,ENTRY_SIGNAL
234,2025-10-27 00:07:00,EXIT,4062.803,4068.803,4068.803,4056.803,0.5,-30.0,SL_HIT
235,2025-10-27 05:56:00,ENTRY,4076.814,,4082.814,4070.814,0.5,,ENTRY_SIGNAL
235,2025-10-27 06:01:00,EXIT,4076.814,4082.814,4082.814,4070.814,0.5,-30.0,SL_HIT
236,2025-10-27 07:59:00,ENTRY,4068.643,,4062.643,4074.643,0.5,,ENTRY_SIGNAL
236,2025-10-27 08:21:00,EXIT,4068.643,4062.643,4062.643,4074.643,0.5,-30.0,SL_HIT
237,2025-10-27 10:08:00,ENTRY,4046.096,,4040.096,4052.096,0.5,,ENTRY_SIGNAL
237,2025-10-27 10:12:00,EXIT,4046.096,4040.096,4040.096,4052.096,0.5,-30.0,SL_HIT
238,2025-10-27 14:06:00,ENTRY,4008.673,,4014.673,4002.673,0.5,,ENTRY_SIGNAL
238,2025-10-27 14:08:00,EXIT,4008.673,4002.673,4014.673,4002.673,0.5,30.0,TP_HIT
239,2025-10-27 19:01:00,ENTRY,4001.842,,3995.842,4007.842,0.5,,ENTRY_SIGNAL
239,2025-10-27 19:26:00,EXIT,4001.842,3995.842,3995.842,4007.842,0.5,-30.0,SL_HIT
240,2025-10-28 09:55:00,ENTRY,3898.67,,3904.67,3892.67,0.5,,ENTRY_SIGNAL
240,2025-10-28 09:59:00,EXIT,3898.67,3904.67,3904.67,3892.67,0.5,-30.0,SL_HIT
241,2025-10-29 13:00:00,ENTRY,4019.5,,4025.5,4013.5,0.5,,ENTRY_SIGNAL
241,2025-10-29 13:13:00,EXIT,4019.5,4013.5,4025.5,4013.5,0.5,30.0,TP_HIT
242,2025-10-29 15:01:00,ENTRY,4010.599,,4004.599,4016.599,0.5,,ENTRY_SIGNAL
242,2025-10-29 15:04:00,EXIT,4010.599,4004.599,4004.599,4016.599,0.5,-30.0,SL_HIT
243,2025-10-29 18:02:00,ENTRY,3998.573,,3992.573,4004.573,0.5,,ENTRY_SIGNAL
243,2025-10-29 18:03:00,EXIT,3998.573,3992.573,3992.573,4004.573,0.5,-30.0,SL_HIT
244,2025-10-29 20:01:00,ENTRY,3938.268,,3944.268,3932.268,0.5,,ENTRY_SIGNAL
244,2025-10-29 20:02:00,EXIT,3938.268,3944.268,3944.268,3932.268,0.5,-30.0,SL_HIT
245,2025-10-30 08:00:00,ENTRY,3966.331,,3960.331,3972.331,0.5,,ENTRY_SIGNAL
245,2025-10-30 08:27:00,EXIT,3966.331,3972.331,3960.331,3972.331,0.5,30.0,TP_HIT
246,2025-10-30 12:50:00,ENTRY,3971.611,,3965.611,3977.611,0.5,,ENTRY_SIGNAL
246,2025-10-30 12:58:00,EXIT,3971.611,3965.611,3965.611,3977.611,0.5,-30.0,SL_HIT
247,2025-10-30 15:10:00,ENTRY,4000.823,,3994.823,4006.823,0.5,,ENTRY_SIGNAL
247,2025-10-30 15:25:00,EXIT,4000.823,3994.823,3994.823,4006.823,0.5,-30.0,SL_HIT
248,2025-10-30 17:01:00,ENTRY,4003.677,,3997.677,4009.677,0.5,,ENTRY_SIGNAL
248,2025-10-30 17:12:00,EXIT,4003.677,3997.677,3997.677,4009.677,0.5,-30.0,SL_HIT
249,2025-10-31 01:08:00,ENTRY,4032.72,,4026.72,4038.72,0.5,,ENTRY_SIGNAL
249,2025-10-31 01:11:00,EXIT,4032.72,4038.72,4026.72,4038.72,0.5,30.0,TP_HIT
250,2025-10-31 14:02:00,ENTRY,4023.856,,4017.856,4029.856,0.5,,ENTRY_SIGNAL
250,2025-10-31 14:28:00,EXIT,4023.856,4017.856,4017.856,4029.856,0.5,-30.0,SL_HIT
251,2025-10-31 15:06:00,ENTRY,4013.736,,4007.736,4019.736,0.5,,ENTRY_SIGNAL
251,2025-10-31 15:33:00,EXIT,4013.736,4019.736,4007.736,4019.736,0.5,30.0,TP_HIT
252,2025-11-03 11:04:00,ENTRY,3998.696,,3992.696,4004.696,0.5,,ENTRY_SIGNAL
252,2025-11-03 11:24:00,EXIT,3998.696,4004.696,3992.696,4004.696,0.5,30.0,TP_HIT
253,2025-11-03 16:09:00,ENTRY,4007.223,,4001.223,4013.223,0.5,,ENTRY_SIGNAL
253,2025-11-03 16:16:00,EXIT,4007.223,4001.223,4001.223,4013.223,0.5,-30.0,SL_HIT
254,2025-11-03 19:01:00,ENTRY,4002.808,,4008.808,3996.808,0.5,,ENTRY_SIGNAL
254,2025-11-03 19:03:00,EXIT,4002.808,3996.808,4008.808,3996.808,0.5,30.0,TP_HIT
255,2025-11-04 02:55:00,ENTRY,3984.113,,3978.113,3990.113,0.5,,ENTRY_SIGNAL
255,2025-11-04 03:11:00,EXIT,3984.113,3990.113,3978.113,3990.113,0.5,30.0,TP_HIT
256,2025-11-04 04:04:00,ENTRY,3991.396,,3997.396,3985.396,0.5,,ENTRY_SIGNAL
256,2025-11-04 04:47:00,EXIT,3991.396,3985.396,3997.396,3985.396,0.5,30.0,TP_HIT
257,2025-11-04 05:01:00,ENTRY,3983.598,,3989.598,3977.598,0.5,,ENTRY_SIGNAL
257,2025-11-04 05:41:00,EXIT,3983.598,3977.598,3989.598,3977.598,0.5,30.0,TP_HIT
258,2025-11-04 05:58:00,ENTRY,3974.961,,3980.961,3968.961,0.5,,ENTRY_SIGNAL
258,2025-11-04 06:04:00,EXIT,3974.961,3968.961,3980.961,3968.961,0.5,30.0,TP_HIT
259,2025-11-04 17:51:00,ENTRY,3957.95,,3963.95,3951.95,0.5,,ENTRY_SIGNAL
259,2025-11-04 18:09:00,EXIT,3957.95,3951.95,3963.95,3951.95,0.5,30.0,TP_HIT
260,2025-11-05 15:06:00,ENTRY,3974.047,,3968.047,3980.047,0.5,,ENTRY_SIGNAL
260,2025-11-05 15:18:00,EXIT,3974.047,3968.047,3968.047,3980.047,0.5,-30.0,SL_HIT
261,2025-11-05 21:50:00,ENTRY,3981.302,,3987.302,3975.302,0.5,,ENTRY_SIGNAL
261,2025-11-05 23:01:00,EXIT,3981.302,3975.302,3987.302,3975.302,0.5,30.0,TP_HIT
262,2025-11-06 12:52:00,ENTRY,4007.356,,4013.356,4001.356,0.5,,ENTRY_SIGNAL
262,2025-11-06 13:18:00,EXIT,4007.356,4013.356,4013.356,4001.356,0.5,-30.0,SL_HIT
263,2025-11-06 17:07:00,ENTRY,3982.055,,3988.055,3976.055,0.5,,ENTRY_SIGNAL
263,2025-11-06 17:16:00,EXIT,3982.055,3976.055,3988.055,3976.055,0.5,30.0,TP_HIT
264,2025-11-07 13:04:00,ENTRY,3998.749,,3992.749,4004.749,0.5,,ENTRY_SIGNAL
264,2025-11-07 13:32:00,EXIT,3998.749,3992.749,3992.749,4004.749,0.5,-30.0,SL_HIT
265,2025-11-07 14:56:00,ENTRY,3993.542,,3987.542,3999.542,0.5,,ENTRY_SIGNAL
265,2025-11-07 15:40:00,EXIT,3993.542,3987.542,3987.542,3999.542,0.5,-30.0,SL_HIT
266,2025-11-07 16:01:00,ENTRY,3992.126,,3986.126,3998.126,0.5,,ENTRY_SIGNAL
266,2025-11-07 16:10:00,EXIT,3992.126,3998.126,3986.126,3998.126,0.5,30.0,TP_HIT
267,2025-11-10 01:00:00,ENTRY,4023.655,,4017.655,4029.655,0.5,,ENTRY_SIGNAL
267,2025-11-10 01:15:00,EXIT,4023.655,4029.655,4017.655,4029.655,0.5,30.0,TP_HIT
268,2025-11-10 11:58:00,ENTRY,4083.762,,4077.762,4089.762,0.5,,ENTRY_SIGNAL
268,2025-11-10 12:14:00,EXIT,4083.762,4089.762,4077.762,4089.762,0.5,30.0,TP_HIT
269,2025-11-11 03:05:00,ENTRY,4139.795,,4133.795,4145.795,0.5,,ENTRY_SIGNAL
269,2025-11-11 03:20:00,EXIT,4139.795,4145.795,4133.795,4145.795,0.5,30.0,TP_HIT
270,2025-11-11 04:57:00,ENTRY,4143.3,,4137.3,4149.3,0.5,,ENTRY_SIGNAL
270,2025-11-11 05:06:00,EXIT,4143.3,4137.3,4137.3,4149.3,0.5,-30.0,SL_HIT
271,2025-11-11 11:57:00,ENTRY,4142.198,,4148.198,4136.198,0.5,,ENTRY_SIGNAL
271,2025-11-11 12:53:00,EXIT,4142.198,4136.198,4148.198,4136.198,0.5,30.0,TP_HIT
272,2025-11-11 14:55:00,ENTRY,4126.93,,4120.93,4132.93,0.5,,ENTRY_SIGNAL
272,2025-11-11 15:06:00,EXIT,4126.93,4120.93,4120.93,4132.93,0.5,-30.0,SL_HIT
273,2025-11-11 17:06:00,ENTRY,4115.257,,4109.257,4121.257,0.5,,ENTRY_SIGNAL
274,2025-11-11 18:04:00,ENTRY,4115.175,,4121.175,4109.175,0.5,,ENTRY_SIGNAL
273,2025-11-11 18:32:00,EXIT,4115.257,4109.257,4109.257,4121.257,0.5,-30.0,SL_HIT
274,2025-11-11 18:32:00,EXIT,4115.175,4109.175,4121.175,4109.175,0.5,30.0,TP_HIT
275,2025-11-11 20:09:00,ENTRY,4124.631,,4130.631,4118.631,0.5,,ENTRY_SIGNAL
276,2025-11-11 20:51:00,ENTRY,4129.798,,4123.798,4135.798,0.5,,ENTRY_SIGNAL
275,2025-11-11 20:53:00,EXIT,4124.631,4130.631,4130.631,4118.631,0.5,-30.0,SL_HIT
277,2025-11-11 21:57:00,ENTRY,4126.57,,4132.57,4120.57,0.5,,ENTRY_SIGNAL
277,2025-11-11 23:12:00,EXIT,4126.57,4132.57,4132.57,4120.57,0.5,-30.0,SL_HIT
276,2025-11-11 23:20:00,EXIT,4129.798,4135.798,4123.798,4135.798,0.5,30.0,TP_HIT
278,2025-11-12 06:55:00,ENTRY,4118.16,,4112.16,4124.16,0.5,,ENTRY_SIGNAL
278,2025-11-12 07:10:00,EXIT,4118.16,4124.16,4112.16,4124.16,0.5,30.0,TP_HIT
279,2025-11-12 08:51:00,ENTRY,4131.017,,4137.017,4125.017,0.5,,ENTRY_SIGNAL
279,2025-11-12 09:27:00,EXIT,4131.017,4125.017,4137.017,4125.017,0.5,30.0,TP_HIT
280,2025-11-12 12:05:00,ENTRY,4129.745,,4123.745,4135.745,0.5,,ENTRY_SIGNAL
280,2025-11-12 12:26:00,EXIT,4129.745,4135.745,4123.745,4135.745,0.5,30.0,TP_HIT
281,2025-11-12 16:52:00,ENTRY,4193.797,,4187.797,4199.797,0.5,,ENTRY_SIGNAL
281,2025-11-12 17:01:00,EXIT,4193.797,4199.797,4187.797,4199.797,0.5,30.0,TP_HIT
282,2025-11-12 20:51:00,ENTRY,4197.344,,4191.344,4203.344,0.5,,ENTRY_SIGNAL
282,2025-11-12 21:15:00,EXIT,4197.344,4191.344,4191.344,4203.344,0.5,-30.0,SL_HIT
283,2025-11-13 00:02:00,ENTRY,4188.273,,4194.273,4182.273,0.5,,ENTRY_SIGNAL
283,2025-11-13 00:30:00,EXIT,4188.273,4194.273,4194.273,4182.273,0.5,-30.0,SL_HIT
284,2025-11-13 00:53:00,ENTRY,4205.545,,4199.545,4211.545,0.5,,ENTRY_SIGNAL
284,2025-11-13 01:04:00,EXIT,4205.545,4199.545,4199.545,4211.545,0.5,-30.0,SL_HIT
285,2025-11-13 05:51:00,ENTRY,4209.184,,4215.184,4203.184,0.5,,ENTRY_SIGNAL
285,2025-11-13 05:54:00,EXIT,4209.184,4215.184,4215.184,4203.184,0.5,-30.0,SL_HIT
286,2025-11-13 10:09:00,ENTRY,4235.37,,4229.37,4241.37,0.5,,ENTRY_SIGNAL
286,2025-11-13 10:37:00,EXIT,4235.37,4229.37,4229.37,4241.37,0.5,-30.0,SL_HIT
287,2025-11-14 04:09:00,ENTRY,4202.674,,4208.674,4196.674,0.5,,ENTRY_SIGNAL
287,2025-11-14 05:09:00,EXIT,4202.674,4196.674,4208.674,4196.674,0.5,30.0,TP_HIT
288,2025-11-14 13:56:00,ENTRY,4056.802,,4050.802,4062.802,0.5,,ENTRY_SIGNAL
288,2025-11-14 14:00:00,EXIT,4056.802,4050.802,4050.802,4062.802,0.5,-30.0,SL_HIT
289,2025-11-16 23:04:00,ENTRY,4077.774,,4083.774,4071.774,0.5,,ENTRY_SIGNAL
289,2025-11-16 23:06:00,EXIT,4077.774,4083.774,4083.774,4071.774,0.5,-30.0,SL_HIT
290,2025-11-17 00:54:00,ENTRY,4086.892,,4092.892,4080.892,0.5,,ENTRY_SIGNAL
290,2025-11-17 01:10:00,EXIT,4086.892,4092.892,4092.892,4080.892,0.5,-30.0,SL_HIT
291,2025-11-17 05:00:00,ENTRY,4077.239,,4083.239,4071.239,0.5,,ENTRY_SIGNAL
291,2025-11-17 05:15:00,EXIT,4077.239,4071.239,4083.239,4071.239,0.5,30.0,TP_HIT
292,2025-11-18 00:01:00,ENTRY,4031.516,,4037.516,4025.516,0.5,,ENTRY_SIGNAL
292,2025-11-18 00:03:00,EXIT,4031.516,4037.516,4037.516,4025.516,0.5,-30.0,SL_HIT
293,2025-11-18 05:09:00,ENTRY,4008.6,,4014.6,4002.6,0.5,,ENTRY_SIGNAL
293,2025-11-18 05:18:00,EXIT,4008.6,4014.6,4014.6,4002.6,0.5,-30.0,SL_HIT
294,2025-11-18 06:59:00,ENTRY,4009.067,,4015.067,4003.067,0.5,,ENTRY_SIGNAL
294,2025-11-18 07:12:00,EXIT,4009.067,4003.067,4015.067,4003.067,0.5,30.0,TP_HIT
295,2025-11-18 09:05:00,ENTRY,4035.187,,4029.187,4041.187,0.5,,ENTRY_SIGNAL
295,2025-11-18 09:51:00,EXIT,4035.187,4041.187,4029.187,4041.187,0.5,30.0,TP_HIT
296,2025-11-18 18:02:00,ENTRY,4071.925,,4077.925,4065.925,0.5,,ENTRY_SIGNAL
296,2025-11-18 18:22:00,EXIT,4071.925,4065.925,4077.925,4065.925,0.5,30.0,TP_HIT
297,2025-11-19 05:04:00,ENTRY,4075.615,,4081.615,4069.615,0.5,,ENTRY_SIGNAL
297,2025-11-19 05:16:00,EXIT,4075.615,4081.615,4081.615,4069.615,0.5,-30.0,SL_HIT
298,2025-11-19 10:50:00,ENTRY,4113.033,,4107.033,4119.033,0.5,,ENTRY_SIGNAL
298,2025-11-19 11:03:00,EXIT,4113.033,4107.033,4107.033,4119.033,0.5,-30.0,SL_HIT
299,2025-11-19 21:05:00,ENTRY,4071.857,,4077.857,4065.857,0.5,,ENTRY_SIGNAL
299,2025-11-19 21:15:00,EXIT,4071.857,4065.857,4077.857,4065.857,0.5,30.0,TP_HIT
300,2025-11-20 01:00:00,ENTRY,4105.391,,4099.391,4111.391,0.5,,ENTRY_SIGNAL
300,2025-11-20 01:12:00,EXIT,4105.391,4099.391,4099.391,4111.391,0.5,-30.0,SL_HIT
301,2025-11-20 06:08:00,ENTRY,4077.046,,4071.046,4083.046,0.5,,ENTRY_SIGNAL
301,2025-11-20 06:18:00,EXIT,4077.046,4071.046,4071.046,4083.046,0.5,-30.0,SL_HIT
302,2025-11-20 20:57:00,ENTRY,4074.109,,4080.109,4068.109,0.5,,ENTRY_SIGNAL
302,2025-11-20 21:18:00,EXIT,4074.109,4080.109,4080.109,4068.109,0.5,-30.0,SL_HIT
303,2025-11-20 23:05:00,ENTRY,4077.584,,4071.584,4083.584,0.5,,ENTRY_SIGNAL
304,2025-11-20 23:09:00,ENTRY,4079.554,,4073.554,4085.554,0.5,,ENTRY_SIGNAL
303,2025-11-20 23:10:00,EXIT,4077.584,4083.584,4071.584,4083.584,0.5,30.0,TP_HIT
304,2025-11-20 23:15:00,EXIT,4079.554,4085.554,4073.554,4085.554,0.5,30.0,TP_HIT
305,2025-11-21 10:04:00,ENTRY,4045.583,,4051.583,4039.583,0.5,,ENTRY_SIGNAL
305,2025-11-21 10:13:00,EXIT,4045.583,4039.583,4051.583,4039.583,0.5,30.0,TP_HIT
306,2025-11-21 20:05:00,ENTRY,4084.394,,4090.394,4078.394,0.5,,ENTRY_SIGNAL
306,2025-11-21 20:23:00,EXIT,4084.394,4078.394,4090.394,4078.394,0.5,30.0,TP_HIT
307,2025-11-24 06:02:00,ENTRY,4048.889,,4042.889,4054.889,0.5,,ENTRY_SIGNAL
307,2025-11-24 06:25:00,EXIT,4048.889,4054.889,4042.889,4054.889,0.5,30.0,TP_HIT
308,2025-11-24 07:05:00,ENTRY,4055.488,,4061.488,4049.488,0.5,,ENTRY_SIGNAL
308,2025-11-24 07:38:00,EXIT,4055.488,4061.488,4061.488,4049.488,0.5,-30.0,SL_HIT
309,2025-11-24 19:04:00,ENTRY,4119.565,,4125.565,4113.565,0.5,,ENTRY_SIGNAL
309,2025-11-24 20:21:00,EXIT,4119.565,4125.565,4125.565,4113.565,0.5,-30.0,SL_HIT
310,2025-11-25 02:02:00,ENTRY,4138.92,,4132.92,4144.92,0.5,,ENTRY_SIGNAL
310,2025-11-25 02:19:00,EXIT,4138.92,4144.92,4132.92,4144.92,0.5,30.0,TP_HIT
311,2025-11-25 03:50:00,ENTRY,4144.34,,4150.34,4138.34,0.5,,ENTRY_SIGNAL
311,2025-11-25 05:54:00,EXIT,4144.34,4150.34,4150.34,4138.34,0.5,-30.0,SL_HIT
312,2025-11-25 06:08:00,ENTRY,4151.302,,4145.302,4157.302,0.5,,ENTRY_SIGNAL
312,2025-11-25 06:22:00,EXIT,4151.302,4145.302,4145.302,4157.302,0.5,-30.0,SL_HIT
313,2025-11-25 15:51:00,ENTRY,4124.74,,4130.74,4118.74,0.5,,ENTRY_SIGNAL
313,2025-11-25 16:14:00,EXIT,4124.74,4130.74,4130.74,4118.74,0.5,-30.0,SL_HIT
314,2025-11-25 19:57:00,ENTRY,4133.184,,4127.184,4139.184,0.5,,ENTRY_SIGNAL
314,2025-11-26 00:00:00,EXIT,4133.184,4134.072,4127.184,4139.184,0.5,4.4399999999996,FORCED_CLOSE_END
